<?xml version="1.0" encoding="UTF-8"?>
<!DOCTYPE suite SYSTEM "https://testng.org/testng-1.0.dtd">
<suite name="Suite" verbose='5'>
<parameter name="url" value="https://dev116565.service-now.com/navpage.do"></parameter>
<parameter name="UserName" value="admin"></parameter>
<parameter name="password" value="Shyama@123"></parameter>
 <test thread-count="5" name="Test">
    <classes>
    		<class name="week5.day1.ServiceNowCreation" />
    		<class name="week5.day1.ServiceNowUpdate" />
    	    <class name="week5.day1.ServiceNowAssign" />
    	    <class name="week5.day1.ServiceNowDeletion" />
    </classes>
  </test> <!-- Test -->
</suite> <!-- Suite -->
