<?xml version="1.0" encoding="UTF-8"?>
<!DOCTYPE suite SYSTEM "https://testng.org/testng-1.0.dtd">
<suite name="ParallelExecution" >
  <test thread-count="2" name="Test" parallel="classes">
     <classes>
      <class name="week2.day2.CreateLead"/>
      <class name="week2.day2.DuplicateLead"/>
      <class name="week2.day2.MergeLead"/>
       <class name="week2.day2.EditLead"/>
      <class name="week2.day2.DeleteLead"/>
    </classes>
  </test> <!-- Test -->
</suite> <!-- ParallelExecution -->
