<?xml version="1.0" encoding="UTF-8"?>
<!DOCTYPE suite SYSTEM "https://testng.org/testng-1.0.dtd">
<suite name="SequentialExecution" verbose="5">
	<parameter name='url'
		value='http://leaftaps.com/opentaps/control/login' />
	<parameter name='firstName' value='DemoSalesManager' />
	<parameter name='lastName' value='crmsfa' />

	<test thread-count="5" name="Test">
		<classes>
			<class name="week2.day2.CreateLead" />
			<class name="week2.day2.EditLead" />
			<class name="week2.day2.DuplicateLead" />

			<class name="week2.day2.MergeLead" />

			<class name="week2.day2.DeleteLead" />

		</classes>
	</test> <!-- Test -->
</suite> <!-- SequentialExecution -->
